Files,Shortnames,Dates,RA,DEC,Standard,Standard_error,Gravity,Index_burgasser,Index_burgasser_err,Index_allers,Index_allers_err,Index_reid,Index_reid_err
spex_prism_0304-3945_161024.fits,J0304-3945,161024, 23:07:43.42, 05:20:53.0,M8.0,0.5412826006245719,FLD-G,L3.5:,1.2179714262424306,M6.5,0.3680046247397509,,
spex_prism_0343+3204_170219.fits,J0343+3204,170219, 03:43:49.62, 32:04:07.5,L7.0,0.5658103951873172,VL-G,T1.2,0.3720842934073061,L0.2,0.38571486990496123,L4.5:,1.110805654071579
spex_prism_1830-0200_170731.fits,J1830-0200,170731, 18:30:06.56,-02:00:11.0,L7.0:,1.0943239667008646,VL-G,T1.0:,1.385262408993993,L6.4,0.7610618380776373,,
spex_prism_0436+2300_170216.fits,J0436+2300,170216, 04:36:09.43, 23:00:09.2,L2.0,0.7478202582698166,VL-G,L1.9,0.5578583794381745,M7.2,0.3157928010518965,L0.2:,1.0266605799792028
spex_prism_1615-1854_170213.fits,J1615-1854,170213, 16:15:32.97,-18:54:21.6,M9.0,0.7800817021120098,VL-G,L1.9,0.6526055800873343,M6.3,0.32958762482235776,,
spex_prism_0436+1901_160930.fits,J0436+1901,160930, 04:36:40.83, 19:01:45.3,L7.0,0.5000000000682678,INT-G,L6.9,0.6169893954827332,L3.9,0.6688266753767168,L4.6,0.8136892471847341
spex_prism_0429+2636_170102.fits,J0429+2636,170102, 04:29:26.63, 26:36:25.4,M9.0,0.5008185755366451,FLD-G,L3.3:,1.1346820056473166,M8.2,0.3187882010370549,M8.4:,1.0328267858110125
spex_prism_0539+4712_170216.fits,J0539+4712,170216, 05:39:26.17, 47:12:45.3,M9.0,0.7008652696461024,FLD-G,L1.4,0.5653435282907278,M9.4,0.3562909264289137,M10.0,0.7815865161957309
spex_prism_0022+0324_160911.fits,J0022+0324,160911, 00:22:10.50, 03:24:43.2,M4.0,0.510236999416809,,L2.6,0.6484984679685443,,,,
spex_prism_0433+2428_170105.fits,J0433+2428,170105, 04:33:01.43, 24:28:23.3,L5.0:,1.3713971028036764,,L5.0,0.8056786807902232,M4.8,0.8187345527529533,,
spex_prism_1622-2445_170210.fits,J1622-2445,170210, 16:22:13.14,-24:45:34.1,L0.0,0.932582713442155,,L2.3,0.6500307166120631,M6.0,0.3153900215382533,,
spex_prism_0005-2633_160922.fits,J0005-2633,160922, 00:05:36.56,-26:33:11.0,L6.0::,2.1907580026973403,INT-G,L8.4,0.6634626647348993,M9.8,0.7223521901363809,L3.1,0.894675032612081
spex_prism_0422+1510_161013.fits,J0422+1510,161013, 04:22:45.28, 15:10:51.2,M8.0,0.5,VL-G,L4.5:,1.165218153387982,M6.3,0.38192250881721534,,
spex_prism_0328+0155_160803.fits,J0328+0155,160803, 18:41:34.15,-05:02:21.3,L6.0:,1.8267140966921502,VL-G,T7.0,0.27109656265903115,L4.9,0.623075523555108,M8.9:,1.1800686415804875
spex_prism_0431+3031_161012.fits,J0431+3031,161012, 04:31:27.38, 30:31:35.0,M6.5,0.8660001730295038,VL-G,L4.2:,1.1506325717906822,M6.3,0.3769500356520908,M8.5:,1.1978831942206294
spex_prism_1619-2326_170210.fits,J1619-2326,170210, 16:19:55.38,-23:26:59.5,L0.0,0.6800756184648608,VL-G,L1.2,0.5522405307339406,M6.7,0.3169881213314368,M9.2:,1.0259811634334977
spex_prism_1627-2385_170210.fits,J1627-2385,170210, 16:27:36.03,-23:58:23.8,L2.0,0.8113548009333353,VL-G,L2.6,0.6551988609274935,M6.4,0.3227754590536273,M8.6:,1.0261324727212022
spex_prism_0057+0221.160908.fits,J0057+0221,160908, 00:57:00.83, 02:21:47.2,M3.0,0.5000000014415413,,L3.0,0.6493893224825135,M4.2:,1.0983870891515168,,
spex_prism_0046+0442_160911.fits,J0046+0442,160911, 00:46:15.02, 04:41:58.3,M4.0,0.5000090554613001,,L3.3,0.6517261989018955,,,,
spex_prism_0431+2610_171001.fits,J0431+2610,171001, 04:31:17.81, 26:10:58.5,M8.5,0.8628806141843445,INT-G,L0.8,0.7578787304907911,M7.3,0.5083445553595404,M9.7:,1.2016612421955943
spex_prism_1618-2452_170213.fits,J1618-2452,170213, 16:18:31.87,-24:52:24.3,M8.0,0.5003366893016414,,L4.4:,1.1513359349753605,M5.7,0.3744732677926089,,
spex_prism_1624-2253_170210.fits,J1624-2253,170210, 16:24:51.60,-22:53:49.4,M8.0,0.5000000007233932,VL-G,L1.0,0.648961323610252,M6.6,0.3029947508271932,M8.4:,1.022775994714982
spex_prism_0418+2814_170105.fits,J0418+2814,170105, 04:18:51.00, 28:14:37.2,M8.0,0.5,VL-G,L0.8,0.6603103774739898,M7.3,0.33383752736828554,M8.6,0.7792213562346161
spex_prism_0227+2356_160803.fits,J0227+2356,160803, 02:27:22.49, 23:56:52.2,L9.0,0.5100282751806701,FLD-G,L8.8,0.5665995114274154,L0.3,0.6146662305417994,L6.7:,1.0473211533658742
spex_prism_0039-0052_160911.fits,J0039-0052,160911, 00:39:43.68,-00:52:24.3,M5.0,0.5000000000000434,,L2.1,0.6496114676174022,M4.6,0.5253583500629573,,
spex_prism_0423+1950_161012.fits,J0423+1950,161012, 04:23:32.46, 19:50:22.4,M8.0,0.5000073262120633,VL-G,L1.8,0.6324969108965907,M9.1,0.3188073661720025,L1.2,0.7756950988402166
spex_prism_0418+1412_161012.fits,J0418+1412,161012, 04:18:01.22, 14:12:29.9,M7.5,0.8421253877561649,FLD-G,L4.5:,1.177430916375928,M6.1,0.3975047075053474,,
spex_prism_0324-1919_160928.fits,J0324-1919,160928, 03:24:39.98,-19:19:11.9,L7.0,0.6448666410060341,FLD-G,L8.1,0.5742331215423198,L6.7,0.4466712123400822,L5.7,0.7868619183741062
spex_prism_0433+2413_171001.fits,J0433+2413,171001, 04:33:08.68, 24:13:13.4,L2.5,0.8510123045931733,FLD-G,L2.9,0.62292319907654,L0.9,0.4437642196625213,L1.6,0.8279939774541638
spex_prism_0101+0336_160922.fits,J0101+0336,160922, 01:01:34.92, 03:36:14.9,M7.0,0.5,INT-G,L3.5:,1.1326386176886294,M7.7,0.3318440697181124,M9.7,0.7797692976506625
spex_prism_0145-0314_160929.fits,J0145-0314,160929, 01:45:35.25,-03:14:09.8,L8.5:,1.1120827847816932,FLD-G,L8.6,0.6518092561632012,M9.6,0.8556097546709535,L7.5:,1.1320933829045492
spex_prism_1541-2444_170210.fits,J1541-2444,170210, 15:41:09.29,-24:44:08.5,M4.0,0.5011520058488615,,L8.8:,1.1092132757575124,M5.7,0.48054133549344946,,
spex_prism_0420+2813_170929.fits,J0420+2813,170929, 04:20:05.77, 28:13:39.5,L0.0:,1.0154234686177104,,L5.2:,1.289773833496337,M5.3,0.6384283381766788,,
spex_prism_0551+5356_160921.fits,J0551+5356,160921, 05:51:17.36, 53:56:02.4,M0.5,0.8662403826967446,,T0.0:,1.7525401070189186,M5.7:,2.2299336172490043,,
spex_prism_1526-1411_170210.fits,J1526-1411,170210, 15:26:54.55,-14:11:42.3,M8.0,0.5005248803118798,VL-G,L0.7,0.5859720428137951,M8.1,0.40515803303393566,L0.0,0.7969892877132378
spex_prism_0404+0105_160928.fits,J0404+0105,160928, 04:04:15.56, 01:05:17.1,M0.0,0.7847661837245106,VL-G,L3.6,0.6819931721878063,M6.4,0.5773487755863008,,
spex_prism_1628-2453_170210.fits,J1628-2453,170210, 16:28:03.32,-24:53:20.5,M9.0,0.5683588933494075,VL-G,L1.2,0.6487860245469184,M6.6,0.3002744878130133,M8.6:,1.0215723914765586
spex_prism_0204-1350.160908.fits,J0204-1350,160908, 02:04:39.99,-13:50:27.9,M4.0,0.5014640551082539,,L2.7,0.6489403529350116,,,,
spex_prism_2249-1627_161014.fits,J2249-1627,161014, 22:49:31.27,-16:27:57.6,L7.0::,2.150044879424836,FLD-G,L7.0,0.614111580395717,L4.8,0.4688340072119149,L5.1,0.7981189938600102
spex_prism_0106-2314_160921.fits,J0106-2314,160921, 01:06:30.92,-23:14:19.8,L9.0,0.801367955520768,FLD-G,L7.2,0.8296023144314406,L0.6:,1.0183203111766699,L4.5:,1.424324048513477
spex_prism_1639-2252_170210.fits,J1639-2252,170210, 16:39:07.24,-22:52:52.3,M8.0,0.5,VL-G,L3.4:,1.1362555985317995,M6.1,0.32886134112466636,,
spex_prism_2356-0306_160911.fits,J2356-0306,160911, 23:56:42.82,-03:06:25.0,M3.0,0.8063695572235752,,L2.5,0.6676819044536373,M4.4:,1.1093229611949256,,
spex_prism_0058+2430_161031.fits,J0058+2430,161031, 00:58:45.49, 24:31:00.0,M5.0,0.5,,L6.0:,1.1071390913930301,M4.3,0.5179517237940946,,
spex_prism_1617-2229_170213.fits,J1617-2229,170213, 16:17:18.30,-22:29:52.3,M6.0,0.5,,L5.4:,1.1022208528280883,M4.6,0.4588934792023067,,
spex_prism_2155-1954_161014.fits,J2155-1954,161014, 21:55:50.27,-19:54:35.6,L7.0,0.5000097616176267,FLD-G,L5.8,0.8747679032756253,L1.2,0.6767130957391421,L0.3:,0.9997347727076887
spex_prism_1630-1936_170213.fits,J1630-1936,170213, 16:30:23.67,-19:36:02.1,M9.0,0.5055611342621099,,L4.6:,1.1397372400444012,M5.9,0.33827268265055804,,
spex_prism_0446+1701_161012.fits,J0446+1701,161012, 04:46:24.20, 17:01:47.6,L4.0:,1.458761817845075,VL-G,L2.7,0.5504773555428963,M7.8,0.30752490688626083,L0.6:,1.023740099890033
spex_prism_0343+3201_170219.fits,J0343+3201,170219, 03:43:45.48, 32:01:05.6,L7.0,0.566248818043002,VL-G,L5.4,0.6939302401540222,M9.1,0.6559452374490915,M9.1:,1.0683351799952345
spex_prism_0008-2813_160806.fits,J0008-2813,160806, 00:08:56.67,-28:13:30.1,M0.5,0.85386225526146,,T1.2,0.41154610081376025,M5.9,0.9287994088476449,,
spex_prism_0416-2531_161024.fits,J0416-2531,161024, 04:16:21.55,-25:30:55.7,M4.0,0.5000000033963061,,L7.3:,1.1009202354921597,,,,
spex_prism_0432+2549_170105.fits,J0432+2549,170105, 04:32:23.53, 25:49:50.8,M5.0:,1.066342277957909,INT-G,L9.0:,1.1294438114687435,M6.3,0.537053273512098,,
spex_prism_0135+0205_160806.fits,J0135+0205,160806, 01:35:25.52, 02:05:11.0,L9.5,0.8630525502637603,,L9.1,0.606375410272324,,,,
spex_prism_0202-1328_160908.fits,J0202-1328,160908, 02:02:58.81,-13:28:02.2,M3.0,0.5001291224120703,,L4.3,0.6536014507848004,,,,
spex_prism_0443+3138_161012.fits,J0443+3138,161012, 04:43:23.77, 31:38:43.3,L0.0:,1.1211495659767188,,L3.1,0.6651064454000855,M5.3,0.36742368971104955,,
spex_prism_0022+0118_160911.fits,J0022+0118,160911, 00:22:40.57, 01:18:10.2,M4.0,0.7645764514399661,,L7.4:,1.1240037488985373,M4.0:,1.1081927665339046,,
spex_prism_0211-1427_170710.fits,J0211-1427,170710, 02:11:10.51,-14:27:41.6,L1.0,0.5000000012315201,FLD-G,L3.4,0.5638920397212647,L1.6,0.31324787148031996,L2.3,0.7814332776791679
spex_prism_0423+2612_170220.fits,J0423+2612,170220, 04:23:58.47, 26:12:03.3,M8.0,0.5,VL-G,L1.0:,1.622127116483949,M6.3,0.6350588115957243,,
spex_prism_1557-2128_170210.fits,J1557-2128,170210, 15:57:11.31,-21:28:36.6,M0.5,0.863913575801804,,L4.5,0.7207506783438553,,,,
spex_prism_1043+5012_170216.fits,J1043+5012,170216, 10:43:58.73, 50:12:23.9,M8.0,0.5084927009417565,FLD-G,L1.1,0.5966622055718598,M9.0,0.4005397698108792,L0.0,0.803768862676288
spex_prism_0408+3232_161012.fits,J0408+3232,161012, 04:08:59.06, 32:32:21.6,M7.0,0.5004734293196716,,L3.5:,1.1564409867610257,M6.0,0.3439912013292302,,
spex_prism_1830-0206_170731.fits,J1830-0206,170731, 18:30:16.33,-02:06:34.3,L7.0:,1.0694886800071777,VL-G,T3.3:,1.15590946351475,L6.6,0.7580981286386604,,
spex_prism_0202+2305_160928.fits,J0202+2305,160928, 02:02:28.80, 23:05:17.7,L7.0,0.5000000000007355,INT-G,L7.4,0.5896734355413299,L4.5,0.44674778758595407,L5.7,0.7906170523890033
spex_prism_0422+2655_170102.fits,J0422+2655,170102, 04:22:00.70, 26:55:17.1,L7.0,0.5000000135079613,VL-G,L5.0,0.7761107411835868,L1.6,0.4308566785383257,L2.9,0.8502622255010798
spex_prism_0424+2641_170102.fits,J0424+2641,170102, 04:24:38.13, 26:41:27.2,L6.5,0.9123989993574853,VL-G,L3.6,0.8117258924594374,L0.3,0.4505315957076445,L0.8,0.827676786912805
spex_prism_0032-0221_160908.fits,J0032-0221,160908, 00:32:44.70,-02:21:44.2,M3.0,0.5000001438359184,,L3.1,0.6485876416673525,M4.4:,1.0983811988222936,,
spex_prism_1624-2237_170213.fits,J1624-2237,170213, 16:24:55.83,-22:37:03.3,M9.0,0.5362454004301144,VL-G,L1.1,0.5752806293803601,M7.7,0.3767610176809681,M9.4,0.7954686222527642
spex_prism_0357+3218_161013.fits,J0357+3218,161013, 03:57:25.14, 32:18:24.0,M6.0,0.5000005082761113,VL-G,L4.6:,1.2312960016821575,M6.1,0.4413312652637341,,
spex_prism_0420+2655_170219.fits,J0420+2655,170219, 04:20:47.59, 26:55:07.7,L2.5,0.8855890836604635,FLD-G,L2.3,0.9153012517329302,M8.8,0.7457891340667258,L2.6:,1.3697306655781263
spex_prism_0208+0452.160908.fits,J0208+0452,160908, 01:58:37.90, 02:27:19.1,M4.0,0.5,,L2.5,0.648204127319589,,,,
spex_prism_0741-0359_170216.fits,J0741-0359,170216, 07:41:03.43,-03:59:47.2,M8.0,0.5111026121306763,INT-G,L1.7,0.5850526966179864,M9.5,0.3757296688563191,L1.3,0.790829800234531
spex_prism_0107-1314_160930.fits,J0107-1314,160930, 01:07:38.34,-13:14:15.7,L7.0,0.5010761282473576,VL-G,L4.3:,1.2695633490429161,L1.8:,1.0609748353203357,L4.4:,1.0635131830050835
spex_prism_0209+0146_160908.fits,J0209+0146,160908, 02:09:19.94, 01:46:18.6,M4.0,0.5,,L2.8,0.6476331523579433,,,,
spex_prism_0933-0212_170216.fits,J0933-0212,170216, 09:33:10.45,-02:12:11.6,L1.0,0.5473104337780142,FLD-G,L2.0,0.6062976491681331,L0.1,0.43063661350590776,L0.7,0.7947638257599613
spex_prism_1618-2504_170213.fits,J1618-2504,170213, 16:18:11.92,-25:04:51.1,L0.5,0.8661508575079726,VL-G,L1.5,0.5860969440667165,M8.6,0.3865471128267893,M9.3,0.7925318303101136
spex_prism_0640-2352_170216.fits,J0640-2352,170216, 06:40:25.59,-23:52:20.9,L6.0,0.5438889238541201,FLD-G,L5.7,0.585109308805108,L3.8,0.42866831331548705,L3.4,0.7952416615861936
spex_prism_0431+2605_170102.fits,J0431+2605,170102, 04:31:55.51, 26:05:50.8,M5.0:,1.0671032671804297,,L8.2:,1.111027256837,,,,
spex_prism_0423+2641_161012.fits,J0423+2641,161012, 04:23:08.54, 26:41:16.3,L7.0,0.5161124727219311,VL-G,L4.5,0.5581073803518786,M6.7,0.3356948034450958,M9.8:,1.0286374473673083
spex_prism_1829-0203_170903.fits,J1829-0203,170903, 18:29:49.17,-02:03:06.8,L7.0,0.5898476112981229,VL-G,T1.2,1.3709158609137995,L1.4,0.8648406661105675,,
spex_prism_2324+5035_160930.fits,J2324+5035,160930, 23:24:52.88, 50:35:30.4,L6.0:,1.3956803782745146,FLD-G,L5.7:,1.7975969321815106,L0.6:,1.465362258998966,L3.6::,2.3411116071840814
spex_prism_0429+2447_170929.fits,J0429+2447,170929, 04:29:46.40, 24:47:10.5,M9.5,0.9879540124169076,VL-G,L3.1,0.8964045356962919,M6.6:,1.5395129422065004,,
spex_prism_2333+0251_160928.fits,J2333+0251,160928, 23:33:33.12, 02:51:32.6,L7.0,0.5698124069542481,INT-G,L5.4,0.5857251719752159,L3.5,0.4530431120384995,L3.5,0.793301049025433
spex_prism_0358+3153_161012.fits,J0358+3153,161012, 03:58:34.43, 31:53:35.6,M8.0,0.5,VL-G,L1.4,0.6782460962886353,M6.5,0.4358457193584527,,
spex_prism_0414+2810_170105.fits,J0414+2810,170105, 04:14:44.32, 28:10:38.8,L7.0:,1.00819003506999,VL-G,L5.7,0.6654055893933546,M6.3,0.4416209893151356,,
spex_prism_0456+0315_161031.fits,J0456+0315,161031, 04:56:49.30, 03:15:16.3,M8.5,0.8645935947813385,INT-G,L1.2,0.5827616432125298,M9.1,0.3886914795032885,M9.9,0.7945882876572408
spex_prism_0622-1548_170216.fits,J0622-1548,170216, 06:22:34.23,-15:48:17.8,L1.0,0.5000006933281478,FLD-G,L2.1,0.5928605400745682,M9.2,0.39777228827668865,L0.5,0.7888909785834413
spex_prism_0356+3139_161013.fits,J0356+3139,161013, 03:56:26.73, 31:39:59.4,L0.0:,1.0239179907313853,INT-G,L2.5:,1.194343692328892,M7.3,0.41674349672127947,M8.6:,1.0646820036625282
spex_prism_0427+2559_171001.fits,J0427+2559,171001, 04:27:05.77, 25:59:12.1,M9.0,0.5008645142427545,VL-G,L1.4:,1.101943130678337,M8.9,0.5389287832109102,M8.3:,1.2330225085566362
spex_prism_0430+2301_170929.fits,J0430+2301,170929, 04:30:53.70, 23:01:32.4,M5.5:,1.0468442266324423,,T1.0,0.3034851828641116,M5.2,0.7662993865322751,,
spex_prism_1624-2350_170213.fits,J1624-2350,170213, 16:24:53.62,-23:50:26.3,L1.0:,1.006991911298588,VL-G,L1.1,0.5574940301230564,M6.6,0.32514766314275834,M9.2:,1.030522698451773
spex_prism_0107-0026_160911.fits,J0107-0026,160911, 01:07:30.76,-00:26:26.1,M5.0,0.5000014537136636,,L2.0,0.651246608591735,M4.5,0.5212588804599713,,
spex_prism_0457-0207_161031.fits,J0457-0207,161031, 04:57:46.31,-02:07:06.0,T3.0,0.5492147726542271,INT-G,T2.3,0.2637386604894265,M9.3,0.5346754768996089,,
spex_prism_0042+0604_160911.fits,J0042+0604,160911, 00:42:07.37, 06:03:55.4,M4.0,0.5032689101833178,,L2.6,0.6494274784672498,M4.2,0.4663432966293243,,
spex_prism_0021-0128_160911.fits,J0021-0128,160911, 00:21:39.83,-01:28:27.9,M5.0,0.5477574079689294,,L5.7:,1.1096379752295653,M4.3,0.512426922315897,,
spex_prism_2217-3552_161024.fits,J2217-3552,161024, 22:17:37.02,-35:52:30.9,M5.0,0.7573422748708767,,T1.2,0.4172736559154627,,,,
spex_prism_0428+2634_161012.fits,J0428+2634,161012, 04:28:06.39, 26:34:17.6,M9.0,0.6192736259239031,,L2.6,0.6717991273984836,M4.2,0.6228391385697565,,
spex_prism_0429+2425_161012.fits,J0429+2425,161012, 04:29:03.32, 24:25:55.4,L3.0:,1.2152878120046189,INT-G,L3.3,0.6771463698382113,M5.9,0.357214346284356,,
spex_prism_2234-2309_161014.fits,J2234-2309,161014, 22:34:44.19,-23:09:11.8,L6.0:,1.2073649328668978,INT-G,L9.2,0.8263737230938648,L7.4:,1.24558315174776,L7.1:,1.6681373103662418
spex_prism_2233-1331_160806.fits,J2233-1331,160806, 22:33:44.29,-13:31:14.2,M6.0,0.797618801291534,VL-G,L4.3,0.6496834625749314,M6.2,0.40226173686054023,,
spex_prism_0443+2618_171001.fits,J0443+2618,171001, 04:43:45.00, 26:18:01.8,M1.0,0.7954369938055611,,L6.2,0.6855720410249971,,,,
spex_prism_0809-0332_170216.fits,J0809-0332,170216, 08:09:09.04,-03:32:46.3,M9.0,0.5000000109830179,FLD-G,L3.7:,1.1550372895670202,M7.2,0.3693132614501295,M8.4:,1.0488934736866542
spex_prism_0426+2512_161012.fits,J0426+2512,161012, 04:26:56.91, 25:12:56.1,L2.5,0.8662338909919449,INT-G,L3.2,0.6705749519294285,M6.4,0.3657125842779541,M8.2:,1.0419863579921775
spex_prism_0421+2720_161013.fits,J0421+2720,161013, 04:21:50.20, 27:20:22.6,L1.0,0.5061937751215868,INT-G,L1.1,0.5895673123964122,M8.0,0.3801687683070589,M8.9,0.7971067802590291
spex_prism_0422+2347_161013.fits,J0422+2347,161013, 04:22:27.52, 26:47:25.4,L1.0:,1.2203281714813907,,L2.6,0.7189386233219732,M4.7,0.8393938096501188,,
spex_prism_1829-0156_170903.fits,J1829-0156,170903, 18:29:53.02,-01:56:32.6,L7.0,0.6167578102616678,VL-G,T1.2,0.9166149511132562,L2.8,0.9975530906825674,L4.7:,2.076416690908489
spex_prism_0443+2944_161012.fits,J0443+2944,161012, 04:43:06.92, 29:44:28.1,L7.0,0.6236040840401657,VL-G,L7.1,0.6748729757488305,M7.1,0.4262800310915398,,
spex_prism_1623-2517_170210.fits,J1623-2517,170210, 16:23:11.07,-25:17:33.7,L0.0:,1.1049317025903471,,L2.2,0.6475528288994616,M5.6,0.30972515284851443,,
spex_prism_0445+3141_161012.fits,J0445+3141,161012, 04:45:15.18, 31:41:28.7,M6.0,0.500502420491581,,L4.1:,1.128364976511333,M5.8,0.339859367501395,,
spex_prism_0544+0639_160921.fits,J0544+0639,160921, 05:44:55.80, 06:39:35.9,M9.0,0.518429768901623,INT-G,L1.6,0.7517650313764067,M8.5,0.3051463437296458,M9.2:,1.021927347259777
spex_prism_0219+0326.160908.fits,J0219+0326,160908, 02:19:54.14, 03:26:33.9,M4.0,0.5,,L2.6,0.6479390964597276,,,,
spex_prism_1820+2021_161024.fits,J1820+2021,161024, 18:20:09.87, 20:21:37.7,M3.0:,1.1257835984677356,VL-G,T1.2,1.5735960454537397,M8.6,1.0115520371493225,L0.7:,1.445472933745681
spex_prism_1829-0204_170831.fits,J1829-0204,170831, 18:29:55.47,-02:04:14.9,L7.0,0.5790288266638394,INT-G,L9.6:,1.1080810214500765,L0.2,0.47653904100544586,L4.5:,1.1946367050529518
spex_prism_0420+2326_161013.fits,J0420+2326,161013, 04:20:51.70, 23:26:44.2,L0.0,0.7129972216848192,VL-G,L1.0,0.5845595385396187,M8.2,0.38388383649908747,L0.1,0.7882518872948779
spex_prism_0025-0334_160911.fits,J0025-0334,160911, 00:25:58.11,-03:34:05.6,M4.5,0.8648700296457583,,L5.9:,1.1105005799306915,M4.6,0.520373921910338,,
spex_prism_0048-0224_160911.fits,J0048-0224,160911, 00:48:16.39,-02:24:46.9,M4.0,0.5383671806600426,,L2.8,0.6496795182722299,,,,
spex_prism_0431+1544_161013.fits,J0431+1544,161013, 04:31:06.17, 15:44:28.9,M8.0,0.5,VL-G,L4.4:,1.1650563423819942,M6.2,0.37819597250069953,,
spex_prism_0028+0358.160908.fits,J0028+0358,160908, 00:28:59.35, 03:58:26.5,M4.0,0.8025770550063105,,L2.7,0.6479291783555325,M4.3,0.45805145024471483,,
spex_prism_0158+0227.160908.fits,J0158+0227,160908, 01:58:37.90, 02:27:19.1,M4.0,0.5,,L2.5,0.6484934122592251,,,,
spex_prism_1431-0313_170216.fits,J1431-0313,170216, 14:31:34.81,-03:13:07.2,L3.0:,1.029313760772474,INT-G,L7.4,0.6311099902598271,L4.6,0.7130388966631344,L5.5,0.8164210086403821
spex_prism_0042+0021.160908.fits,J0042+0021,160908, 00:28:59.35, 03:58:26.5,M4.0,0.7824780075128018,,L2.6,0.647894224774633,M4.2,0.4588886712479993,,
spex_prism_0344+0136_160921.fits,J0344+0136,160921, 03:44:09.98, 01:36:37.4,L8.0:,1.2499223871205674,INT-G,L8.6,0.8326568201179713,L3.9,1.0488254031872217,L2.2:,1.4342252074068227
spex_prism_0341+3157_161031.fits,J0341+3157,161031, 03:41:33.33, 31:57:47.3,M5.0,0.6037310396683294,,L6.2:,1.1510014602108383,M4.5,0.49589477363821927,,
spex_prism_2344+0100.160908.fits,J2344+0100,160908, 23:44:25.21, 01:00:07.9,M3.0,0.5,,L3.5,0.6682472627401628,,,,
spex_prism_0901+3818_170216.fits,J0901+3818,170216, 09:01:53.60, 38:18:45.1,M9.0,0.5248938762879519,FLD-G,L2.2:,1.2245023184065273,M8.1,0.41742762878503753,M9.1,0.8023627904417788
spex_prism_1830-0209_170903.fits,J1830-0209,170903, 18:30:37.20,-02:09:39.7,L7.0,0.5989754024420643,INT-G,L2.9::,3.3182582354000174,L1.3,0.7373641755971693,L1.6::,2.1927603045888473
spex_prism_0207-0812_160911.fits,J0207-0812,160911, 02:07:32.36,-08:12:32.0,M4.0,0.5004027227207309,,L2.5,0.6492567283348352,M5.5,0.40056411007039666,,
spex_prism_1830-0153_170731.fits,J1830-0153,170731, 18:30:29.85,-01:53:55.6,L7.0,0.7784741675659513,VL-G,T2.1:,1.1763253526673934,L1.0,0.42611720672438097,,
spex_prism_1619-2410_170210.fits,J1619-2410,170210, 16:19:16.38,-24:10:28.0,M9.0,0.5034302424114875,VL-G,L1.4,0.653910440241481,M6.4,0.32120360103026735,,
spex_prism_0158-1817_160911.fits,J0158-1817,160911, 01:58:54.77,-18:18:00.2,M4.0,0.5000001256242108,,T1.1,0.2897818597700659,M5.0,0.4048078781051348,,
spex_prism_0411+2832_161012.fits,J0411+2832,161012, 04:11:17.10, 28:32:01.3,L7.0,0.5444540409959469,VL-G,L5.5,0.6739146328202904,M6.6,0.33915957355349136,M8.9:,1.0282455176521008
spex_prism_1457+4724_170428.fits,J1457+4724,170428, 14:57:34.29, 47:24:27.7,T7.0,0.5002985195848744,FLD-G,T6.2,0.2686128138470563,M6.1:,1.9266246615665432,,
spex_prism_0420+2326_161012.fits,J0420+2326,161012, 04:20:51.57, 23:26:36.7,L0.0,0.7629045025585297,VL-G,L0.9,0.744002910502165,M9.2,0.6103925292434504,L0.7:,1.172279150182504
spex_prism_1615-2110_170210.fits,J1615-2110,170210, 16:15:45.64,-21:10:32.2,M6.0,0.5000000080465519,,L5.5:,1.1015225592063695,M5.1,0.3095863260851559,,
spex_prism_0430+2530_170105.fits,J0430+2530,170105, 04:30:48.95, 25:30:34.2,M4.0,0.7139021677012313,,L8.5:,1.0647398373077381,,,,
spex_prism_2323+0514_160929.fits,J2323+0514,160929, 23:23:06.72, 05:41:09.4,M7.5,0.8592180160524869,,L6.7,0.6206574451846225,L7.8,0.8691526005444963,L5.8:,1.0873676890206783
spex_prism_0421+2703_170105.fits,J0421+2703,170105, 04:21:04.54, 27:03:13.4,L7.0,0.7929958748975211,INT-G,T1.5:,1.0676969839018482,L3.6,0.5538375194092946,,
spex_prism_1620-2312_170210.fits,J1620-2312,170210, 16:20:48.55,-23:12:52.5,M9.0,0.6826247647053113,VL-G,L1.4,0.6510667039302107,M6.4,0.30636173879446904,M8.7:,1.0229255021192791
spex_prism_1629-2543_170210.fits,J1629-2543,170210, 16:29:32.31,-25:43:28.3,M9.5,0.9469784052279342,,L2.8,0.6473662149601449,M5.9,0.3917156812419453,,
spex_prism_0422+0810_160929.fits,J0422+0810,160929, 04:22:31.20, 08:10:11.2,L0.5,0.8809310540539977,FLD-G,L3.6,0.7984484271969919,L1.6,0.7975042138932011,L2.4,0.9275097832285797
spex_prism_0421+2720_161012.fits,J0421+2720,161012, 04:21:50.82, 27:20:20.7,T0.0:,1.1365362673698731,INT-G,L1.2,0.762202269178707,M8.3,0.5233480857594649,M8.7,0.8653408840264744
spex_prism_1628-2450_170213.fits,J1628-2450,170213, 16:24:40.56,-24:48:35.2,L6.0,0.6216435142317718,VL-G,L2.7,0.5757822891607556,M6.8,0.36604466056240315,M9.2:,1.03481360261516
spex_prism_0427+2305_161012.fits,J0427+2305,161012, 04:27:30.11, 23:05:56.5,M9.5,0.8983990702323515,,L2.7,0.6706871380573527,M5.9,0.38052427110991033,,
spex_prism_0415+2910_170216.fits,J0415+2910,170216, 04:15:41.78, 29:10:04.9,L0.0,0.7887613660545792,VL-G,L1.4,0.5490791680661358,M7.2,0.30626663025311407,M9.8:,1.0229114101664123
spex_prism_0406+3139_161012.fits,J0406+3139,161012, 04:06:47.28, 31:39:21.3,M7.0,0.5126694211546049,VL-G,L3.5:,1.2219226906279888,M6.3,0.3973037768890385,,
spex_prism_2358+0421.160908.fits,J2358+0421,160908, 23:58:18.33, 04:21:00.1,M4.0,0.5,,L2.8,0.6481645899462934,,,,
spex_prism_0004-2604_160803.fits,J0004-2604,160803, 00:04:30.92,-26:04:10.0,T3.0,0.5000911502078115,INT-G,T2.5,0.27152375806551077,L0.2,0.7548744887172654,,
spex_prism_2354-0811_160926.fits,J2354-0811,160926, 23:54:21.89,-08:11:31.0,L7.0,0.5000000042921705,VL-G,L8.7,0.713094910608938,L3.0,0.4885501171912189,L3.8,0.8196750142369272
spex_prism_0407+2306_161013.fits,J0407+2306,161013, 04:07:29.40, 23:06:34.5,T0.0,0.5000044772607828,VL-G,L2.2,0.6992052349591931,L0.3,0.45664905257324306,L1.3,0.8293940728816752
spex_prism_0431+2706_170929.fits,J0431+2706,170929, 04:31:49.14, 27:06:15.4,L7.0:,1.1579822034439333,VL-G,L6.4:,1.1449534037755913,M7.1::,2.403727477555196,,
spex_prism_0412+1044_160930.fits,J0412+1044,160930, 04:12:32.60, 10:44:05.7,L7.0,0.5000000024145234,FLD-G,L6.6,0.736793873232374,L4.2,0.7124829559157224,L5.3,0.8670657024750841
spex_prism_1430-2718_170618.fits,J1430-2718,170618, 14:30:50.71,-27:18:02.5,M8.0,0.5,VL-G,L1.6:,1.056269685887883,M9.2,0.3557565688492015,M9.7:,1.0417935174868267
spex_prism_0044+0228_160929.fits,J0044+0228,160929, 00:44:02.76, 02:28:13.5,L7.0,0.500000003479079,VL-G,T1.2,0.7206805926994194,L2.7,0.5151619694300138,L4.2,0.8162351726972005
spex_prism_0204-1350_160911.fits,J0204-1350,160911, 02:04:40.47,-13:50:36.3,M4.0,0.5002189935272592,,L2.7,0.6492784521000275,M5.3,0.4011105213995188,,
spex_prism_1630-2153_170618.fits,J1630-2153,170618, 16:30:33.47,-21:53:34.5,M0.0,0.7609391576560832,,L5.0,0.7174401385201338,,,,
spex_prism_2359+0319.160908.fits,J2359+0319,160908, 23:59:34.30, 03:19:53.2,M3.5,0.8648195924787724,,L2.7,0.6480802700707649,,,,
spex_prism_2157+2659_170710.fits,J2157+2659,170710, 21:57:51.79, 26:59:33.9,T7.0,0.500001139568902,INT-G,T7.4,0.2572931015483178,L4.2:,1.0991763821732206,,
spex_prism_0316+2650_160806.fits,J0316+2650,160806, 03:16:27.60, 26:50:27.3,T3.0,0.500000000003443,VL-G,T2.5,0.25460620792661326,M9.2,0.8573304261363576,,
spex_prism_0022-0200_160911.fits,J0022-0200,160911, 00:22:15.31,-02:00:32.0,M4.0,0.5006344380147656,,L2.9,0.6512447663552265,M4.1,0.4723184713713067,,
spex_prism_0443+2617_171002.fits,J0443+2617,171002, 04:43:43.89, 26:17:46.8,L6.0:,1.083337087376674,VL-G,L3.6,0.625688674722791,L0.2,0.39068108546845715,L0.8,0.8064452167546012
spex_prism_1627-2451_170210.fits,J1627-2451,170210, 16:27:49.99,-24:51:12.2,L3.0:,1.192794632906345,VL-G,L2.0,0.5525625050813591,M6.8,0.31237259592585187,M9.7:,1.0256262505512574
spex_prism_2344-2500_160922.fits,J2344-2500,160922, 23:44:04.77,-25:00:44.7,M7.0,0.5,FLD-G,L2.3:,1.1458185707268735,M8.1,0.34594701840264686,L0.6,0.7843231076264748
spex_prism_0704-0906_170216.fits,J0704-0906,170216, 06:43:36.96,-02:23:10.9,L6.0:,1.4103368435793902,INT-G,L7.4,0.5969224723874067,L0.9,0.5297662722579473,L5.3,0.8045891266503352
spex_prism_1623-2351_170210.fits,J1623-2351,170210, 16:24:51.60,-22:53:49.4,M8.0,0.5000000007252655,VL-G,L1.0,0.6491732776576006,M6.6,0.30186802426427356,M8.4:,1.021762634915008
spex_prism_1622-2502_170210.fits,J1622-2502,170210, 16:22:10.21,-25:02:16.3,M9.5,0.8779335822140591,,L2.0,0.6573998806464139,M6.0,0.3334936190438536,,
spex_prism_0004-1336_160922.fits,J0004-1336,160922, 00:04:58.63,-13:36:52.8,T2.0:,1.1065172468894644,FLD-G,T1.0,0.2783143950784467,L1.1,0.9269482775886769,L7.4:,1.287700784678231
spex_prism_0435+1449_161013.fits,J0435+1449,161013, 04:35:43.24, 14:49:10.5,M5.0:,1.06958937301711,,L8.5:,1.1250950763819503,,,,
spex_prism_0428+2546_171002.fits,J0428+2546,171002, 04:28:01.47, 25:46:06.9,L0.0:,1.0149063557772713,FLD-G,L3.4,0.5840928668534284,L1.7,0.3494374466499472,L2.2,0.7943437741316268
spex_prism_0202-1328_160911.fits,J0202-1328,160911, 02:02:58.81,-13:28:10.6,M4.0,0.5000000000000032,,L2.8,0.6486286183016295,M5.9,0.3998472448240848,,
spex_prism_0008-2813_160921.fits,J0008-2813,160921, 00:08:56.50,-28:13:24.6,L8.0,0.5594561292439046,FLD-G,L7.5,0.643875719508102,L0.8,0.6791149372829017,L4.5,0.8354362998819284
spex_prism_0414+2807_170102.fits,J0414+2807,170102, 04:14:30.92, 28:07:10.2,L7.0,0.7379353330298608,VL-G,T1.9,0.2794592826880587,L1.2,0.293254616795328,L5.3:,1.0230301844004506
spex_prism_0301-2319_160803.fits,J0301-2319,160803, 03:01:20.09,-23:19:23.5,T1.0,0.5537415044034639,INT-G,T0.2,0.5902234648256863,M8.9,0.9592692080981172,,
spex_prism_0534-0702_161031.fits,J0534-0702,161031, 05:34:53.28,-07:02:35.5,L7.5,0.9559095047289583,VL-G,L5.8,0.9715513758170807,L3.4:,1.390531635796623,,
spex_prism_0226-1610_160929.fits,J0226-1610,160929, 02:26:08.91,-16:10:03.2,L7.0,0.5000074169087048,VL-G,L7.3,0.6224873433667981,L1.5,0.3973999675665921,L4.3,0.8273908675614899
spex_prism_0409+2000_161012.fits,J0409+2000,161012, 04:09:51.13, 20:00:45.8,M8.0,0.5021285311148498,VL-G,L1.0,0.6655730632248895,M8.5,0.4428277555085494,M10.0,0.7973535943734231
spex_prism_0046+0222_160911.fits,J0046+0222,160911, 00:46:06.66, 02:22:08.7,M4.0,0.501661323586974,,L3.3,0.6526768678249525,,,,
spex_prism_1624-2444_170213.fits,J1624-2444,170213, 16:24:46.83,-24:44:21.1,L6.5,0.8620190992806397,VL-G,L3.0,0.6830507512425267,M6.9,0.36183603624092564,M9.2:,1.0485710186037536
spex_prism_0421+2706_170929.fits,J0421+2706,170929, 04:21:07.04, 27:06:48.8,L3.0:,1.1757373115048135,VL-G,L3.0,0.9172338634798025,L1.0,0.6122864734525475,L1.8,0.9524468473637184
spex_prism_0344+3218_170219.fits,J0344+3218,170219, 03:44:18.62, 32:18:18.4,M7.0,0.5932137317417236,,L4.1:,1.2738823727396982,M5.1,0.6005929386120222,,
spex_prism_0353+3137_161013.fits,J0353+3137,161013, 03:53:24.81, 31:37:14.8,M8.0,0.5840923556811338,VL-G,L4.2:,1.1403070221683083,M6.3,0.3697241495137284,,
spex_prism_0435+2307_171002.fits,J0435+2307,171002, 04:35:08.04, 23:07:52.2,L2.0,0.7406213317523729,VL-G,L3.5,0.7172046809485869,L0.1,0.42256734389538403,L1.5,0.8101186382542086
spex_prism_0434+2708_171002.fits,J0434+2708,171002, 04:34:05.63, 27:08:29.3,L0.5,0.923805816899752,INT-G,L1.7,0.7312527924017617,M6.2,0.5664323238596638,,
spex_prism_0420+2804_170929.fits,J0420+2804,170929, 04:20:25.90, 28:04:53.8,M6.0,0.7964896210909895,,L5.3:,1.5807271324877754,,,,
spex_prism_0429+2430_170105.fits,J0429+2430,170105, 04:29:04.49, 24:30:07.5,L7.0,0.6475810703918096,VL-G,L7.0,0.6551809444218372,M6.9,0.4044688642601309,,
spex_prism_0440+2732_170216.fits,J0440+2732,170216, 04:40:47.65, 27:32:27.9,M7.0,0.5,VL-G,L2.1:,1.124374248625664,M6.9,0.3066135149846767,M8.9,0.7746612420952977
spex_prism_1643-2359_170710.fits,J1643-2359,170710, 16:43:46.08,-23:59:07.1,L0.5,0.9222038982232494,,L2.0,0.694906825814078,M5.9,0.42140338916080317,,
spex_prism_0428+2556_171002.fits,J0428+2556,171002, 04:28:10.51, 25:56:45.4,L6.5,0.8329708401232753,INT-G,L4.2,0.5819452822519969,L3.2,0.3867099506594532,L3.0:,1.0579343758762738
spex_prism_2348+0114_160908.fits,J2348+0114,160908, 23:48:30.89, 01:14:04.6,M4.0,0.5,,L2.7,0.6479644807800822,,,,
spex_prism_1623-2303_170210.fits,J1623-2303,170210, 16:23:13.91,-23:03:51.3,M9.0,0.7772668109267726,VL-G,L1.5,0.6586520609687904,M6.8,0.33913846863937647,M8.2:,1.0319569956234216
spex_prism_0333+3851_160921.fits,J0333+3851,160921, 03:33:47.50, 38:51:54.0,M8.0,0.5085836228866354,FLD-G,L1.5,0.5849634897064103,M9.3,0.3670792898158362,L0.9,0.7930971221354041
spex_prism_0433+2613_171001.fits,J0433+2613,171001, 04:33:09.17, 26:13:05.6,M8.0,0.5,FLD-G,L0.8,0.591094888542726,L0.0,0.3654168786324548,L0.5,0.7920870560564718
spex_prism_0110+1920_161024.fits,J0110+1920,161024, 01:10:49.18, 19:20:17.4,M8.0,0.5470270720624371,INT-G,L0.4,0.6802454696596192,M7.9,0.39265118348088934,M10.0:,1.0692768564895083
spex_prism_0441+2130_160928.fits,J0441+2130,160928, 04:41:05.01, 21:30:05.4,L7.0,0.5000000000431845,INT-G,L6.8,0.6039350310155276,L3.6,0.6739857656692636,L4.6,0.8069371185355789
spex_prism_0355+2101_161013.fits,J0355+2101,161013, 03:55:29.27, 21:01:13.3,L1.0,0.501322889670591,INT-G,L1.8,0.8655660711884926,M8.9,0.4175950679049994,M9.5,0.7901824184356707
spex_prism_2012+1246_160922.fits,J2012+1246,160922, 20:12:52.63, 12:46:37.8,M8.0,0.5000000000058773,FLD-G,L4.2:,1.1011127738910886,M6.6,0.2970044516707634,,
